Female Names,Male Names
Jennifer,Freddy
Heather,Jason
Sarah,Michael
Laurie,Chad
Tiffany,Tyler
Amanda,Billy
Rachel,Vincent
Kristen,Shane
Lisa,Travis
Michelle,Trent
Amy,Cody
Angela,Brad
Samantha,Randy
Kimberly,Todd
Melissa,Doug
Julie,Johnny
Emily,Joey
Jessica,Bobby
Courtney,Danny
Shannon,Rick
Stephanie,Keith
Rebecca,Brian
Nicole,Jeff
Christine,Tommy
Monica,Eric
Jamie,Scott
Beth,Chris
Kelly,Alex
Dana,Mark
Tracy,Donnie
Stacey,Sean
Dawn,Josh
Carrie,Greg
Megan,Luke
Holly,Dean
Vanessa,Andy
Kristin,Paul
Linda,Matt
Barbara,Steve
Alicia,David
Cynthia,Roger
Tricia,Ray
Tonya,Dale
Pamela,Carl
Joanne,Richard
Renee,Jim
Denise,Gary
Wendy,Marcus
Tina,Rob
Lori,Kurt
Christina,Jack
Felicia,Mitch
Brenda,Casey
Robin,Lewis
Tara,Phil
Monique,Victor
Brandy,Adam
Candace,George
Sandy,Nick
Jill,Blake
Erin,Wes
Leslie,Max
Suzanne,Lance
April,Mickey
Gina,Barry
Lynn,Marty
Allison,Henry
Vanessa,Simon
Pam,Jared
Bethany,Kyle
Mandy,Stan
Natalie,Ryan
Connie,Pete
Diane,Derek
Yvette,Wade
Carolyn,Howard
Leah,Cliff
Bridget,Glen
Cassandra,Kenny
Donna,Norman
Cheryl,Wayne
Dorothy,Trevor
Alyssa,Damon
Jodi,Gabe
Melanie,Ed
Rhonda,Floyd
Sylvia,Ian
Diana,Angus
Colleen,Glenn
Sara,Lenny
Jacqueline,Morgan
Cindy,Clayton
Rose,Malcolm